No,Keyword
1,courier companies in Bengaluru India
2,courier companies in Mumbai India
3,courier companies in Delhi NCR India
4,courier companies in Gurugram India
5,courier companies in Noida India
6,courier companies in Hyderabad India
7,courier companies in Chennai India
8,courier companies in Pune India
9,courier companies in Ahmedabad India
10,courier companies in Coimbatore India
11,courier companies in Surat India
12,courier companies in Jaipur India
13,courier companies in Indore India
14,courier companies in Lucknow India
15,courier companies in Kochi India
16,courier companies in Nagpur India
17,express logistics companies Bengaluru India
18,express logistics companies Mumbai India
19,express logistics companies Delhi NCR India
20,express logistics companies Gurugram India
21,express logistics companies Noida India
22,express logistics companies Hyderabad India
23,express logistics companies Chennai India
24,express logistics companies Pune India
25,express logistics companies Ahmedabad India
26,express logistics companies Coimbatore India
27,express logistics companies Surat India
28,express logistics companies Jaipur India
29,express logistics companies Indore India
30,express logistics companies Lucknow India
31,express logistics companies Kochi India
32,express logistics companies Nagpur India
33,parcel delivery companies Bengaluru India
34,parcel delivery companies Mumbai India
35,parcel delivery companies Delhi NCR India
36,parcel delivery companies Gurugram India
37,parcel delivery companies Noida India
38,parcel delivery companies Hyderabad India
39,parcel delivery companies Chennai India
40,parcel delivery companies Pune India
41,parcel delivery companies Ahmedabad India
42,parcel delivery companies Coimbatore India
43,parcel delivery companies Surat India
44,parcel delivery companies Jaipur India
45,parcel delivery companies Indore India
46,parcel delivery companies Lucknow India
47,parcel delivery companies Kochi India
48,parcel delivery companies Nagpur India
49,same day delivery companies Bengaluru India
50,same day delivery companies Mumbai India
51,same day delivery companies Delhi NCR India
52,same day delivery companies Gurugram India
53,same day delivery companies Noida India
54,same day delivery companies Hyderabad India
55,same day delivery companies Chennai India
56,same day delivery companies Pune India
57,same day delivery companies Ahmedabad India
58,same day delivery companies Coimbatore India
59,same day delivery companies Surat India
60,same day delivery companies Jaipur India
61,same day delivery companies Indore India
62,same day delivery companies Lucknow India
63,same day delivery companies Kochi India
64,same day delivery companies Nagpur India
65,last mile courier companies Bengaluru India
66,last mile courier companies Mumbai India
67,last mile courier companies Delhi NCR India
68,last mile courier companies Gurugram India
69,last mile courier companies Noida India
70,last mile courier companies Hyderabad India
71,last mile courier companies Chennai India
72,last mile courier companies Pune India
73,last mile courier companies Ahmedabad India
74,last mile courier companies Coimbatore India
75,last mile courier companies Surat India
76,last mile courier companies Jaipur India
77,last mile courier companies Indore India
78,last mile courier companies Lucknow India
79,last mile courier companies Kochi India
80,last mile courier companies Nagpur India
81,regional courier service Bengaluru India
82,regional courier service Mumbai India
83,regional courier service Delhi NCR India
84,regional courier service Gurugram India
85,regional courier service Noida India
86,regional courier service Hyderabad India
87,regional courier service Chennai India
88,regional courier service Pune India
89,regional courier service Ahmedabad India
90,regional courier service Coimbatore India
91,regional courier service Surat India
92,regional courier service Jaipur India
93,regional courier service Indore India
94,regional courier service Lucknow India
95,regional courier service Kochi India
96,regional courier service Nagpur India
97,surface logistics companies Bengaluru India
98,surface logistics companies Mumbai India
99,surface logistics companies Delhi NCR India
100,surface logistics companies Gurugram India
101,surface logistics companies Noida India
102,surface logistics companies Hyderabad India
103,surface logistics companies Chennai India
104,surface logistics companies Pune India
105,surface logistics companies Ahmedabad India
106,surface logistics companies Coimbatore India
107,surface logistics companies Surat India
108,surface logistics companies Jaipur India
109,surface logistics companies Indore India
110,surface logistics companies Lucknow India
111,surface logistics companies Kochi India
112,surface logistics companies Nagpur India
113,courier franchise companies Bengaluru India
114,courier franchise companies Mumbai India
115,courier franchise companies Delhi NCR India
116,courier franchise companies Gurugram India
117,courier franchise companies Noida India
118,courier franchise companies Hyderabad India
119,courier franchise companies Chennai India
120,courier franchise companies Pune India
121,courier franchise companies Ahmedabad India
122,courier franchise companies Coimbatore India
123,courier franchise companies Surat India
124,courier franchise companies Jaipur India
125,courier franchise companies Indore India
126,courier franchise companies Lucknow India
127,courier franchise companies Kochi India
128,courier franchise companies Nagpur India
129,3PL companies Bengaluru India
130,3PL companies Mumbai India
131,3PL companies Delhi NCR India
132,3PL companies Gurugram India
133,3PL companies Noida India
134,3PL companies Hyderabad India
135,3PL companies Chennai India
136,3PL companies Pune India
137,3PL companies Ahmedabad India
138,3PL companies Coimbatore India
139,3PL companies Surat India
140,3PL companies Jaipur India
141,3PL companies Indore India
142,3PL companies Lucknow India
143,3PL companies Kochi India
144,3PL companies Nagpur India
145,third party logistics providers Bengaluru India
146,third party logistics providers Mumbai India
147,third party logistics providers Delhi NCR India
148,third party logistics providers Gurugram India
149,third party logistics providers Noida India
150,third party logistics providers Hyderabad India
151,third party logistics providers Chennai India
152,third party logistics providers Pune India
153,third party logistics providers Ahmedabad India
154,third party logistics providers Coimbatore India
155,third party logistics providers Surat India
156,third party logistics providers Jaipur India
157,third party logistics providers Indore India
158,third party logistics providers Lucknow India
159,third party logistics providers Kochi India
160,third party logistics providers Nagpur India
161,warehouse logistics companies Bengaluru India
162,warehouse logistics companies Mumbai India
163,warehouse logistics companies Delhi NCR India
164,warehouse logistics companies Gurugram India
165,warehouse logistics companies Noida India
166,warehouse logistics companies Hyderabad India
167,warehouse logistics companies Chennai India
168,warehouse logistics companies Pune India
169,warehouse logistics companies Ahmedabad India
170,warehouse logistics companies Coimbatore India
171,warehouse logistics companies Surat India
172,warehouse logistics companies Jaipur India
173,warehouse logistics companies Indore India
174,warehouse logistics companies Lucknow India
175,warehouse logistics companies Kochi India
176,warehouse logistics companies Nagpur India
177,contract logistics companies Bengaluru India
178,contract logistics companies Mumbai India
179,contract logistics companies Delhi NCR India
180,contract logistics companies Gurugram India
181,contract logistics companies Noida India
182,contract logistics companies Hyderabad India
183,contract logistics companies Chennai India
184,contract logistics companies Pune India
185,contract logistics companies Ahmedabad India
186,contract logistics companies Coimbatore India
187,contract logistics companies Surat India
188,contract logistics companies Jaipur India
189,contract logistics companies Indore India
190,contract logistics companies Lucknow India
191,contract logistics companies Kochi India
192,contract logistics companies Nagpur India
193,fulfillment companies Bengaluru India
194,fulfillment companies Mumbai India
195,fulfillment companies Delhi NCR India
196,fulfillment companies Gurugram India
197,fulfillment companies Noida India
198,fulfillment companies Hyderabad India
199,fulfillment companies Chennai India
200,fulfillment companies Pune India
201,fulfillment companies Ahmedabad India
202,fulfillment companies Coimbatore India
203,fulfillment companies Surat India
204,fulfillment companies Jaipur India
205,fulfillment companies Indore India
206,fulfillment companies Lucknow India
207,fulfillment companies Kochi India
208,fulfillment companies Nagpur India
209,supply chain companies Bengaluru India
210,supply chain companies Mumbai India
211,supply chain companies Delhi NCR India
212,supply chain companies Gurugram India
213,supply chain companies Noida India
214,supply chain companies Hyderabad India
215,supply chain companies Chennai India
216,supply chain companies Pune India
217,supply chain companies Ahmedabad India
218,supply chain companies Coimbatore India
219,supply chain companies Surat India
220,supply chain companies Jaipur India
221,supply chain companies Indore India
222,supply chain companies Lucknow India
223,supply chain companies Kochi India
224,supply chain companies Nagpur India
225,ecommerce fulfillment companies Bengaluru India
226,ecommerce fulfillment companies Mumbai India
227,ecommerce fulfillment companies Delhi NCR India
228,ecommerce fulfillment companies Gurugram India
229,ecommerce fulfillment companies Noida India
230,ecommerce fulfillment companies Hyderabad India
231,ecommerce fulfillment companies Chennai India
232,ecommerce fulfillment companies Pune India
233,ecommerce fulfillment companies Ahmedabad India
234,ecommerce fulfillment companies Coimbatore India
235,ecommerce fulfillment companies Surat India
236,ecommerce fulfillment companies Jaipur India
237,ecommerce fulfillment companies Indore India
238,ecommerce fulfillment companies Lucknow India
239,ecommerce fulfillment companies Kochi India
240,ecommerce fulfillment companies Nagpur India
241,warehouse fulfillment companies Bengaluru India
242,warehouse fulfillment companies Mumbai India
243,warehouse fulfillment companies Delhi NCR India
244,warehouse fulfillment companies Gurugram India
245,warehouse fulfillment companies Noida India
246,warehouse fulfillment companies Hyderabad India
247,warehouse fulfillment companies Chennai India
248,warehouse fulfillment companies Pune India
249,warehouse fulfillment companies Ahmedabad India
250,warehouse fulfillment companies Coimbatore India
251,warehouse fulfillment companies Surat India
252,warehouse fulfillment companies Jaipur India
253,warehouse fulfillment companies Indore India
254,warehouse fulfillment companies Lucknow India
255,warehouse fulfillment companies Kochi India
256,warehouse fulfillment companies Nagpur India
257,order fulfillment companies Bengaluru India
258,order fulfillment companies Mumbai India
259,order fulfillment companies Delhi NCR India
260,order fulfillment companies Gurugram India
261,order fulfillment companies Noida India
262,order fulfillment companies Hyderabad India
263,order fulfillment companies Chennai India
264,order fulfillment companies Pune India
265,order fulfillment companies Ahmedabad India
266,order fulfillment companies Coimbatore India
267,order fulfillment companies Surat India
268,order fulfillment companies Jaipur India
269,order fulfillment companies Indore India
270,order fulfillment companies Lucknow India
271,order fulfillment companies Kochi India
272,order fulfillment companies Nagpur India
273,shopify fulfillment Bengaluru India
274,shopify fulfillment Mumbai India
275,shopify fulfillment Delhi NCR India
276,shopify fulfillment Gurugram India
277,shopify fulfillment Noida India
278,shopify fulfillment Hyderabad India
279,shopify fulfillment Chennai India
280,shopify fulfillment Pune India
281,shopify fulfillment Ahmedabad India
282,shopify fulfillment Coimbatore India
283,shopify fulfillment Surat India
284,shopify fulfillment Jaipur India
285,shopify fulfillment Indore India
286,shopify fulfillment Lucknow India
287,shopify fulfillment Kochi India
288,shopify fulfillment Nagpur India
289,amazon seller fulfillment companies Bengaluru India
290,amazon seller fulfillment companies Mumbai India
291,amazon seller fulfillment companies Delhi NCR India
292,amazon seller fulfillment companies Gurugram India
293,amazon seller fulfillment companies Noida India
294,amazon seller fulfillment companies Hyderabad India
295,amazon seller fulfillment companies Chennai India
296,amazon seller fulfillment companies Pune India
297,amazon seller fulfillment companies Ahmedabad India
298,amazon seller fulfillment companies Coimbatore India
299,amazon seller fulfillment companies Surat India
300,amazon seller fulfillment companies Jaipur India
301,amazon seller fulfillment companies Indore India
302,amazon seller fulfillment companies Lucknow India
303,amazon seller fulfillment companies Kochi India
304,amazon seller fulfillment companies Nagpur India
305,medicine delivery companies Bengaluru India
306,medicine delivery companies Mumbai India
307,medicine delivery companies Delhi NCR India
308,medicine delivery companies Gurugram India
309,medicine delivery companies Noida India
310,medicine delivery companies Hyderabad India
311,medicine delivery companies Chennai India
312,medicine delivery companies Pune India
313,medicine delivery companies Ahmedabad India
314,medicine delivery companies Coimbatore India
315,medicine delivery companies Surat India
316,medicine delivery companies Jaipur India
317,medicine delivery companies Indore India
318,medicine delivery companies Lucknow India
319,medicine delivery companies Kochi India
320,medicine delivery companies Nagpur India
321,pharma distributors Bengaluru India
322,pharma distributors Mumbai India
323,pharma distributors Delhi NCR India
324,pharma distributors Gurugram India
325,pharma distributors Noida India
326,pharma distributors Hyderabad India
327,pharma distributors Chennai India
328,pharma distributors Pune India
329,pharma distributors Ahmedabad India
330,pharma distributors Coimbatore India
331,pharma distributors Surat India
332,pharma distributors Jaipur India
333,pharma distributors Indore India
334,pharma distributors Lucknow India
335,pharma distributors Kochi India
336,pharma distributors Nagpur India
337,pharmaceutical logistics companies Bengaluru India
338,pharmaceutical logistics companies Mumbai India
339,pharmaceutical logistics companies Delhi NCR India
340,pharmaceutical logistics companies Gurugram India
341,pharmaceutical logistics companies Noida India
342,pharmaceutical logistics companies Hyderabad India
343,pharmaceutical logistics companies Chennai India
344,pharmaceutical logistics companies Pune India
345,pharmaceutical logistics companies Ahmedabad India
346,pharmaceutical logistics companies Coimbatore India
347,pharmaceutical logistics companies Surat India
348,pharmaceutical logistics companies Jaipur India
349,pharmaceutical logistics companies Indore India
350,pharmaceutical logistics companies Lucknow India
351,pharmaceutical logistics companies Kochi India
352,pharmaceutical logistics companies Nagpur India
353,cold chain pharma logistics Bengaluru India
354,cold chain pharma logistics Mumbai India
355,cold chain pharma logistics Delhi NCR India
356,cold chain pharma logistics Gurugram India
357,cold chain pharma logistics Noida India
358,cold chain pharma logistics Hyderabad India
359,cold chain pharma logistics Chennai India
360,cold chain pharma logistics Pune India
361,cold chain pharma logistics Ahmedabad India
362,cold chain pharma logistics Coimbatore India
363,cold chain pharma logistics Surat India
364,cold chain pharma logistics Jaipur India
365,cold chain pharma logistics Indore India
366,cold chain pharma logistics Lucknow India
367,cold chain pharma logistics Kochi India
368,cold chain pharma logistics Nagpur India
369,medical delivery companies Bengaluru India
370,medical delivery companies Mumbai India
371,medical delivery companies Delhi NCR India
372,medical delivery companies Gurugram India
373,medical delivery companies Noida India
374,medical delivery companies Hyderabad India
375,medical delivery companies Chennai India
376,medical delivery companies Pune India
377,medical delivery companies Ahmedabad India
378,medical delivery companies Coimbatore India
379,medical delivery companies Surat India
380,medical delivery companies Jaipur India
381,medical delivery companies Indore India
382,medical delivery companies Lucknow India
383,medical delivery companies Kochi India
384,medical delivery companies Nagpur India
385,hospital supply distributors Bengaluru India
386,hospital supply distributors Mumbai India
387,hospital supply distributors Delhi NCR India
388,hospital supply distributors Gurugram India
389,hospital supply distributors Noida India
390,hospital supply distributors Hyderabad India
391,hospital supply distributors Chennai India
392,hospital supply distributors Pune India
393,hospital supply distributors Ahmedabad India
394,hospital supply distributors Coimbatore India
395,hospital supply distributors Surat India
396,hospital supply distributors Jaipur India
397,hospital supply distributors Indore India
398,hospital supply distributors Lucknow India
399,hospital supply distributors Kochi India
400,hospital supply distributors Nagpur India
401,grocery delivery companies Bengaluru India
402,grocery delivery companies Mumbai India
403,grocery delivery companies Delhi NCR India
404,grocery delivery companies Gurugram India
405,grocery delivery companies Noida India
406,grocery delivery companies Hyderabad India
407,grocery delivery companies Chennai India
408,grocery delivery companies Pune India
409,grocery delivery companies Ahmedabad India
410,grocery delivery companies Coimbatore India
411,grocery delivery companies Surat India
412,grocery delivery companies Jaipur India
413,grocery delivery companies Indore India
414,grocery delivery companies Lucknow India
415,grocery delivery companies Kochi India
416,grocery delivery companies Nagpur India
417,quick commerce companies Bengaluru India
418,quick commerce companies Mumbai India
419,quick commerce companies Delhi NCR India
420,quick commerce companies Gurugram India
421,quick commerce companies Noida India
422,quick commerce companies Hyderabad India
423,quick commerce companies Chennai India
424,quick commerce companies Pune India
425,quick commerce companies Ahmedabad India
426,quick commerce companies Coimbatore India
427,quick commerce companies Surat India
428,quick commerce companies Jaipur India
429,quick commerce companies Indore India
430,quick commerce companies Lucknow India
431,quick commerce companies Kochi India
432,quick commerce companies Nagpur India
433,dark store companies Bengaluru India
434,dark store companies Mumbai India
435,dark store companies Delhi NCR India
436,dark store companies Gurugram India
437,dark store companies Noida India
438,dark store companies Hyderabad India
439,dark store companies Chennai India
440,dark store companies Pune India
441,dark store companies Ahmedabad India
442,dark store companies Coimbatore India
443,dark store companies Surat India
444,dark store companies Jaipur India
445,dark store companies Indore India
446,dark store companies Lucknow India
447,dark store companies Kochi India
448,dark store companies Nagpur India
449,hyperlocal grocery delivery Bengaluru India
450,hyperlocal grocery delivery Mumbai India
451,hyperlocal grocery delivery Delhi NCR India
452,hyperlocal grocery delivery Gurugram India
453,hyperlocal grocery delivery Noida India
454,hyperlocal grocery delivery Hyderabad India
455,hyperlocal grocery delivery Chennai India
456,hyperlocal grocery delivery Pune India
457,hyperlocal grocery delivery Ahmedabad India
458,hyperlocal grocery delivery Coimbatore India
459,hyperlocal grocery delivery Surat India
460,hyperlocal grocery delivery Jaipur India
461,hyperlocal grocery delivery Indore India
462,hyperlocal grocery delivery Lucknow India
463,hyperlocal grocery delivery Kochi India
464,hyperlocal grocery delivery Nagpur India
465,retail grocery chains Bengaluru India
466,retail grocery chains Mumbai India
467,retail grocery chains Delhi NCR India
468,retail grocery chains Gurugram India
469,retail grocery chains Noida India
470,retail grocery chains Hyderabad India
471,retail grocery chains Chennai India
472,retail grocery chains Pune India
473,retail grocery chains Ahmedabad India
474,retail grocery chains Coimbatore India
475,retail grocery chains Surat India
476,retail grocery chains Jaipur India
477,retail grocery chains Indore India
478,retail grocery chains Lucknow India
479,retail grocery chains Kochi India
480,retail grocery chains Nagpur India
481,furniture retailers Bengaluru India
482,furniture retailers Mumbai India
483,furniture retailers Delhi NCR India
484,furniture retailers Gurugram India
485,furniture retailers Noida India
486,furniture retailers Hyderabad India
487,furniture retailers Chennai India
488,furniture retailers Pune India
489,furniture retailers Ahmedabad India
490,furniture retailers Coimbatore India
491,furniture retailers Surat India
492,furniture retailers Jaipur India
493,furniture retailers Indore India
494,furniture retailers Lucknow India
495,furniture retailers Kochi India
496,furniture retailers Nagpur India
497,furniture delivery companies Bengaluru India
498,furniture delivery companies Mumbai India
499,furniture delivery companies Delhi NCR India
500,furniture delivery companies Gurugram India
501,furniture delivery companies Noida India
502,furniture delivery companies Hyderabad India
503,furniture delivery companies Chennai India
504,furniture delivery companies Pune India
505,furniture delivery companies Ahmedabad India
506,furniture delivery companies Coimbatore India
507,furniture delivery companies Surat India
508,furniture delivery companies Jaipur India
509,furniture delivery companies Indore India
510,furniture delivery companies Lucknow India
511,furniture delivery companies Kochi India
512,furniture delivery companies Nagpur India
513,home delivery furniture Bengaluru India
514,home delivery furniture Mumbai India
515,home delivery furniture Delhi NCR India
516,home delivery furniture Gurugram India
517,home delivery furniture Noida India
518,home delivery furniture Hyderabad India
519,home delivery furniture Chennai India
520,home delivery furniture Pune India
521,home delivery furniture Ahmedabad India
522,home delivery furniture Coimbatore India
523,home delivery furniture Surat India
524,home delivery furniture Jaipur India
525,home delivery furniture Indore India
526,home delivery furniture Lucknow India
527,home delivery furniture Kochi India
528,home delivery furniture Nagpur India
529,large item delivery companies Bengaluru India
530,large item delivery companies Mumbai India
531,large item delivery companies Delhi NCR India
532,large item delivery companies Gurugram India
533,large item delivery companies Noida India
534,large item delivery companies Hyderabad India
535,large item delivery companies Chennai India
536,large item delivery companies Pune India
537,large item delivery companies Ahmedabad India
538,large item delivery companies Coimbatore India
539,large item delivery companies Surat India
540,large item delivery companies Jaipur India
541,large item delivery companies Indore India
542,large item delivery companies Lucknow India
543,large item delivery companies Kochi India
544,large item delivery companies Nagpur India
545,white goods delivery companies Bengaluru India
546,white goods delivery companies Mumbai India
547,white goods delivery companies Delhi NCR India
548,white goods delivery companies Gurugram India
549,white goods delivery companies Noida India
550,white goods delivery companies Hyderabad India
551,white goods delivery companies Chennai India
552,white goods delivery companies Pune India
553,white goods delivery companies Ahmedabad India
554,white goods delivery companies Coimbatore India
555,white goods delivery companies Surat India
556,white goods delivery companies Jaipur India
557,white goods delivery companies Indore India
558,white goods delivery companies Lucknow India
559,white goods delivery companies Kochi India
560,white goods delivery companies Nagpur India
561,electronics distributors Bengaluru India
562,electronics distributors Mumbai India
563,electronics distributors Delhi NCR India
564,electronics distributors Gurugram India
565,electronics distributors Noida India
566,electronics distributors Hyderabad India
567,electronics distributors Chennai India
568,electronics distributors Pune India
569,electronics distributors Ahmedabad India
570,electronics distributors Coimbatore India
571,electronics distributors Surat India
572,electronics distributors Jaipur India
573,electronics distributors Indore India
574,electronics distributors Lucknow India
575,electronics distributors Kochi India
576,electronics distributors Nagpur India
577,consumer electronics distributors Bengaluru India
578,consumer electronics distributors Mumbai India
579,consumer electronics distributors Delhi NCR India
580,consumer electronics distributors Gurugram India
581,consumer electronics distributors Noida India
582,consumer electronics distributors Hyderabad India
583,consumer electronics distributors Chennai India
584,consumer electronics distributors Pune India
585,consumer electronics distributors Ahmedabad India
586,consumer electronics distributors Coimbatore India
587,consumer electronics distributors Surat India
588,consumer electronics distributors Jaipur India
589,consumer electronics distributors Indore India
590,consumer electronics distributors Lucknow India
591,consumer electronics distributors Kochi India
592,consumer electronics distributors Nagpur India
593,mobile phone distributors Bengaluru India
594,mobile phone distributors Mumbai India
595,mobile phone distributors Delhi NCR India
596,mobile phone distributors Gurugram India
597,mobile phone distributors Noida India
598,mobile phone distributors Hyderabad India
599,mobile phone distributors Chennai India
600,mobile phone distributors Pune India
601,mobile phone distributors Ahmedabad India
602,mobile phone distributors Coimbatore India
603,mobile phone distributors Surat India
604,mobile phone distributors Jaipur India
605,mobile phone distributors Indore India
606,mobile phone distributors Lucknow India
607,mobile phone distributors Kochi India
608,mobile phone distributors Nagpur India
609,electronic appliance distributors Bengaluru India
610,electronic appliance distributors Mumbai India
611,electronic appliance distributors Delhi NCR India
612,electronic appliance distributors Gurugram India
613,electronic appliance distributors Noida India
614,electronic appliance distributors Hyderabad India
615,electronic appliance distributors Chennai India
616,electronic appliance distributors Pune India
617,electronic appliance distributors Ahmedabad India
618,electronic appliance distributors Coimbatore India
619,electronic appliance distributors Surat India
620,electronic appliance distributors Jaipur India
621,electronic appliance distributors Indore India
622,electronic appliance distributors Lucknow India
623,electronic appliance distributors Kochi India
624,electronic appliance distributors Nagpur India
625,FMCG distributors Bengaluru India
626,FMCG distributors Mumbai India
627,FMCG distributors Delhi NCR India
628,FMCG distributors Gurugram India
629,FMCG distributors Noida India
630,FMCG distributors Hyderabad India
631,FMCG distributors Chennai India
632,FMCG distributors Pune India
633,FMCG distributors Ahmedabad India
634,FMCG distributors Coimbatore India
635,FMCG distributors Surat India
636,FMCG distributors Jaipur India
637,FMCG distributors Indore India
638,FMCG distributors Lucknow India
639,FMCG distributors Kochi India
640,FMCG distributors Nagpur India
641,food distributors Bengaluru India
642,food distributors Mumbai India
643,food distributors Delhi NCR India
644,food distributors Gurugram India
645,food distributors Noida India
646,food distributors Hyderabad India
647,food distributors Chennai India
648,food distributors Pune India
649,food distributors Ahmedabad India
650,food distributors Coimbatore India
651,food distributors Surat India
652,food distributors Jaipur India
653,food distributors Indore India
654,food distributors Lucknow India
655,food distributors Kochi India
656,food distributors Nagpur India
657,beverage distributors Bengaluru India
658,beverage distributors Mumbai India
659,beverage distributors Delhi NCR India
660,beverage distributors Gurugram India
661,beverage distributors Noida India
662,beverage distributors Hyderabad India
663,beverage distributors Chennai India
664,beverage distributors Pune India
665,beverage distributors Ahmedabad India
666,beverage distributors Coimbatore India
667,beverage distributors Surat India
668,beverage distributors Jaipur India
669,beverage distributors Indore India
670,beverage distributors Lucknow India
671,beverage distributors Kochi India
672,beverage distributors Nagpur India
673,wholesale FMCG companies Bengaluru India
674,wholesale FMCG companies Mumbai India
675,wholesale FMCG companies Delhi NCR India
676,wholesale FMCG companies Gurugram India
677,wholesale FMCG companies Noida India
678,wholesale FMCG companies Hyderabad India
679,wholesale FMCG companies Chennai India
680,wholesale FMCG companies Pune India
681,wholesale FMCG companies Ahmedabad India
682,wholesale FMCG companies Coimbatore India
683,wholesale FMCG companies Surat India
684,wholesale FMCG companies Jaipur India
685,wholesale FMCG companies Indore India
686,wholesale FMCG companies Lucknow India
687,wholesale FMCG companies Kochi India
688,wholesale FMCG companies Nagpur India
689,cold chain logistics Bengaluru India
690,cold chain logistics Mumbai India
691,cold chain logistics Delhi NCR India
692,cold chain logistics Gurugram India
693,cold chain logistics Noida India
694,cold chain logistics Hyderabad India
695,cold chain logistics Chennai India
696,cold chain logistics Pune India
697,cold chain logistics Ahmedabad India
698,cold chain logistics Coimbatore India
699,cold chain logistics Surat India
700,cold chain logistics Jaipur India
701,cold chain logistics Indore India
702,cold chain logistics Lucknow India
703,cold chain logistics Kochi India
704,cold chain logistics Nagpur India
705,temperature controlled logistics Bengaluru India
706,temperature controlled logistics Mumbai India
707,temperature controlled logistics Delhi NCR India
708,temperature controlled logistics Gurugram India
709,temperature controlled logistics Noida India
710,temperature controlled logistics Hyderabad India
711,temperature controlled logistics Chennai India
712,temperature controlled logistics Pune India
713,temperature controlled logistics Ahmedabad India
714,temperature controlled logistics Coimbatore India
715,temperature controlled logistics Surat India
716,temperature controlled logistics Jaipur India
717,temperature controlled logistics Indore India
718,temperature controlled logistics Lucknow India
719,temperature controlled logistics Kochi India
720,temperature controlled logistics Nagpur India
721,refrigerated transport Bengaluru India
722,refrigerated transport Mumbai India
723,refrigerated transport Delhi NCR India
724,refrigerated transport Gurugram India
725,refrigerated transport Noida India
726,refrigerated transport Hyderabad India
727,refrigerated transport Chennai India
728,refrigerated transport Pune India
729,refrigerated transport Ahmedabad India
730,refrigerated transport Coimbatore India
731,refrigerated transport Surat India
732,refrigerated transport Jaipur India
733,refrigerated transport Indore India
734,refrigerated transport Lucknow India
735,refrigerated transport Kochi India
736,refrigerated transport Nagpur India
737,cold storage logistics companies Bengaluru India
738,cold storage logistics companies Mumbai India
739,cold storage logistics companies Delhi NCR India
740,cold storage logistics companies Gurugram India
741,cold storage logistics companies Noida India
742,cold storage logistics companies Hyderabad India
743,cold storage logistics companies Chennai India
744,cold storage logistics companies Pune India
745,cold storage logistics companies Ahmedabad India
746,cold storage logistics companies Coimbatore India
747,cold storage logistics companies Surat India
748,cold storage logistics companies Jaipur India
749,cold storage logistics companies Indore India
750,cold storage logistics companies Lucknow India
751,cold storage logistics companies Kochi India
752,cold storage logistics companies Nagpur India
753,industrial distributors Bengaluru India
754,industrial distributors Mumbai India
755,industrial distributors Delhi NCR India
756,industrial distributors Gurugram India
757,industrial distributors Noida India
758,industrial distributors Hyderabad India
759,industrial distributors Chennai India
760,industrial distributors Pune India
761,industrial distributors Ahmedabad India
762,industrial distributors Coimbatore India
763,industrial distributors Surat India
764,industrial distributors Jaipur India
765,industrial distributors Indore India
766,industrial distributors Lucknow India
767,industrial distributors Kochi India
768,industrial distributors Nagpur India
769,building materials distributors Bengaluru India
770,building materials distributors Mumbai India
771,building materials distributors Delhi NCR India
772,building materials distributors Gurugram India
773,building materials distributors Noida India
774,building materials distributors Hyderabad India
775,building materials distributors Chennai India
776,building materials distributors Pune India
777,building materials distributors Ahmedabad India
778,building materials distributors Coimbatore India
779,building materials distributors Surat India
780,building materials distributors Jaipur India
781,building materials distributors Indore India
782,building materials distributors Lucknow India
783,building materials distributors Kochi India
784,building materials distributors Nagpur India
785,steel distributors Bengaluru India
786,steel distributors Mumbai India
787,steel distributors Delhi NCR India
788,steel distributors Gurugram India
789,steel distributors Noida India
790,steel distributors Hyderabad India
791,steel distributors Chennai India
792,steel distributors Pune India
793,steel distributors Ahmedabad India
794,steel distributors Coimbatore India
795,steel distributors Surat India
796,steel distributors Jaipur India
797,steel distributors Indore India
798,steel distributors Lucknow India
799,steel distributors Kochi India
800,steel distributors Nagpur India
801,cement distributors Bengaluru India
802,cement distributors Mumbai India
803,cement distributors Delhi NCR India
804,cement distributors Gurugram India
805,cement distributors Noida India
806,cement distributors Hyderabad India
807,cement distributors Chennai India
808,cement distributors Pune India
809,cement distributors Ahmedabad India
810,cement distributors Coimbatore India
811,cement distributors Surat India
812,cement distributors Jaipur India
813,cement distributors Indore India
814,cement distributors Lucknow India
815,cement distributors Kochi India
816,cement distributors Nagpur India
817,chemical distributors Bengaluru India
818,chemical distributors Mumbai India
819,chemical distributors Delhi NCR India
820,chemical distributors Gurugram India
821,chemical distributors Noida India
822,chemical distributors Hyderabad India
823,chemical distributors Chennai India
824,chemical distributors Pune India
825,chemical distributors Ahmedabad India
826,chemical distributors Coimbatore India
827,chemical distributors Surat India
828,chemical distributors Jaipur India
829,chemical distributors Indore India
830,chemical distributors Lucknow India
831,chemical distributors Kochi India
832,chemical distributors Nagpur India
833,courier companies UAE
834,logistics companies Dubai
835,last mile delivery Dubai
836,3PL Dubai
837,fulfillment companies UAE
838,logistics companies Saudi Arabia
839,courier companies Riyadh
840,last mile delivery Saudi
841,warehouse companies Saudi Arabia
842,last mile logistics Singapore
843,courier companies Singapore
844,3PL Singapore
845,delivery companies Singapore
846,courier companies Australia
847,last mile logistics Australia
848,proof of delivery software Australia
849,express logistics companies Bengaluru India
850,express logistics companies Mumbai India
851,express logistics companies Delhi NCR India
852,express logistics companies Gurugram India
853,express logistics companies Noida India
854,express logistics companies Hyderabad India
855,express logistics companies Chennai India
856,express logistics companies Pune India
857,express logistics companies Ahmedabad India
858,express logistics companies Coimbatore India
859,express logistics companies Surat India
860,express logistics companies Jaipur India
861,express logistics companies Indore India
862,express logistics companies Lucknow India
863,express logistics companies Kochi India
864,express logistics companies Nagpur India
865,parcel delivery companies Bengaluru India
866,parcel delivery companies Mumbai India
867,parcel delivery companies Delhi NCR India
868,parcel delivery companies Gurugram India
869,parcel delivery companies Noida India
870,parcel delivery companies Hyderabad India
871,parcel delivery companies Chennai India
872,parcel delivery companies Pune India
873,parcel delivery companies Ahmedabad India
874,parcel delivery companies Coimbatore India
875,parcel delivery companies Surat India
876,parcel delivery companies Jaipur India
877,parcel delivery companies Indore India
878,parcel delivery companies Lucknow India
879,parcel delivery companies Kochi India
880,parcel delivery companies Nagpur India
881,same day delivery companies Bengaluru India
882,same day delivery companies Mumbai India
883,same day delivery companies Delhi NCR India
884,same day delivery companies Gurugram India
885,same day delivery companies Noida India
886,same day delivery companies Hyderabad India
887,same day delivery companies Chennai India
888,same day delivery companies Pune India
889,same day delivery companies Ahmedabad India
890,same day delivery companies Coimbatore India
891,same day delivery companies Surat India
892,same day delivery companies Jaipur India
893,same day delivery companies Indore India
894,same day delivery companies Lucknow India
895,same day delivery companies Kochi India
896,same day delivery companies Nagpur India
897,last mile courier companies Bengaluru India
898,last mile courier companies Mumbai India
899,last mile courier companies Delhi NCR India
900,last mile courier companies Gurugram India
901,last mile courier companies Noida India
902,last mile courier companies Hyderabad India
903,last mile courier companies Chennai India
904,last mile courier companies Pune India
905,last mile courier companies Ahmedabad India
906,last mile courier companies Coimbatore India
907,last mile courier companies Surat India
908,last mile courier companies Jaipur India
909,last mile courier companies Indore India
910,last mile courier companies Lucknow India
911,last mile courier companies Kochi India
912,last mile courier companies Nagpur India
913,regional courier service Bengaluru India
914,regional courier service Mumbai India
915,regional courier service Delhi NCR India
916,regional courier service Gurugram India
917,regional courier service Noida India
918,regional courier service Hyderabad India
919,regional courier service Chennai India
920,regional courier service Pune India
921,regional courier service Ahmedabad India
922,regional courier service Coimbatore India
923,regional courier service Surat India
924,regional courier service Jaipur India
925,regional courier service Indore India
926,regional courier service Lucknow India
927,regional courier service Kochi India
928,regional courier service Nagpur India
929,surface logistics companies Bengaluru India
930,surface logistics companies Mumbai India
931,surface logistics companies Delhi NCR India
932,surface logistics companies Gurugram India
933,surface logistics companies Noida India
934,surface logistics companies Hyderabad India
935,surface logistics companies Chennai India
936,surface logistics companies Pune India
937,surface logistics companies Ahmedabad India
938,surface logistics companies Coimbatore India
939,surface logistics companies Surat India
940,surface logistics companies Jaipur India
941,surface logistics companies Indore India
942,surface logistics companies Lucknow India
943,surface logistics companies Kochi India
944,surface logistics companies Nagpur India
945,courier franchise companies Bengaluru India
946,courier franchise companies Mumbai India
947,courier franchise companies Delhi NCR India
948,courier franchise companies Gurugram India
949,courier franchise companies Noida India
950,courier franchise companies Hyderabad India
951,courier franchise companies Chennai India
952,courier franchise companies Pune India
953,courier franchise companies Ahmedabad India
954,courier franchise companies Coimbatore India
955,courier franchise companies Surat India
956,courier franchise companies Jaipur India
957,courier franchise companies Indore India
958,courier franchise companies Lucknow India
959,courier franchise companies Kochi India
960,courier franchise companies Nagpur India
961,3PL companies Bengaluru India
962,3PL companies Mumbai India
963,3PL companies Delhi NCR India
964,3PL companies Gurugram India
965,3PL companies Noida India
966,3PL companies Hyderabad India
967,3PL companies Chennai India
968,3PL companies Pune India
969,3PL companies Ahmedabad India
970,3PL companies Coimbatore India
971,3PL companies Surat India
972,3PL companies Jaipur India
973,3PL companies Indore India
974,3PL companies Lucknow India
975,3PL companies Kochi India
976,3PL companies Nagpur India
977,third party logistics providers Bengaluru India
978,third party logistics providers Mumbai India
979,third party logistics providers Delhi NCR India
980,third party logistics providers Gurugram India
981,third party logistics providers Noida India
982,third party logistics providers Hyderabad India
983,third party logistics providers Chennai India
984,third party logistics providers Pune India
985,third party logistics providers Ahmedabad India
986,third party logistics providers Coimbatore India
987,third party logistics providers Surat India
988,third party logistics providers Jaipur India
989,third party logistics providers Indore India
990,third party logistics providers Lucknow India
991,third party logistics providers Kochi India
992,third party logistics providers Nagpur India
993,warehouse logistics companies Bengaluru India
994,warehouse logistics companies Mumbai India
995,warehouse logistics companies Delhi NCR India
996,warehouse logistics companies Gurugram India
997,warehouse logistics companies Noida India
998,warehouse logistics companies Hyderabad India
999,warehouse logistics companies Chennai India
1000,warehouse logistics companies Pune India
1001,warehouse logistics companies Ahmedabad India
1002,warehouse logistics companies Coimbatore India
1003,warehouse logistics companies Surat India
1004,warehouse logistics companies Jaipur India
1005,warehouse logistics companies Indore India
1006,warehouse logistics companies Lucknow India
1007,warehouse logistics companies Kochi India
1008,warehouse logistics companies Nagpur India
1009,contract logistics companies Bengaluru India
1010,contract logistics companies Mumbai India
1011,contract logistics companies Delhi NCR India
1012,contract logistics companies Gurugram India
1013,contract logistics companies Noida India
1014,contract logistics companies Hyderabad India
1015,contract logistics companies Chennai India
1016,contract logistics companies Pune India
1017,contract logistics companies Ahmedabad India
1018,contract logistics companies Coimbatore India
1019,contract logistics companies Surat India
1020,contract logistics companies Jaipur India
1021,contract logistics companies Indore India
1022,contract logistics companies Lucknow India
1023,contract logistics companies Kochi India
1024,contract logistics companies Nagpur India
1025,fulfillment companies Bengaluru India
1026,fulfillment companies Mumbai India
1027,fulfillment companies Delhi NCR India
1028,fulfillment companies Gurugram India
1029,fulfillment companies Noida India
1030,fulfillment companies Hyderabad India
1031,fulfillment companies Chennai India
1032,fulfillment companies Pune India
1033,fulfillment companies Ahmedabad India
1034,fulfillment companies Coimbatore India
1035,fulfillment companies Surat India
1036,fulfillment companies Jaipur India
1037,fulfillment companies Indore India
1038,fulfillment companies Lucknow India
1039,fulfillment companies Kochi India
1040,fulfillment companies Nagpur India
1041,supply chain companies Bengaluru India
1042,supply chain companies Mumbai India
1043,supply chain companies Delhi NCR India
1044,supply chain companies Gurugram India
1045,supply chain companies Noida India
1046,supply chain companies Hyderabad India
1047,supply chain companies Chennai India
1048,supply chain companies Pune India
1049,supply chain companies Ahmedabad India
1050,supply chain companies Coimbatore India
1051,supply chain companies Surat India
1052,supply chain companies Jaipur India
1053,supply chain companies Indore India
1054,supply chain companies Lucknow India
1055,supply chain companies Kochi India
1056,supply chain companies Nagpur India
1057,ecommerce fulfillment companies Bengaluru India
1058,ecommerce fulfillment companies Mumbai India
1059,ecommerce fulfillment companies Delhi NCR India
1060,ecommerce fulfillment companies Gurugram India
1061,ecommerce fulfillment companies Noida India
1062,ecommerce fulfillment companies Hyderabad India
1063,ecommerce fulfillment companies Chennai India
1064,ecommerce fulfillment companies Pune India
1065,ecommerce fulfillment companies Ahmedabad India
1066,ecommerce fulfillment companies Coimbatore India
1067,ecommerce fulfillment companies Surat India
1068,ecommerce fulfillment companies Jaipur India
1069,ecommerce fulfillment companies Indore India
1070,ecommerce fulfillment companies Lucknow India
1071,ecommerce fulfillment companies Kochi India
1072,ecommerce fulfillment companies Nagpur India
1073,warehouse fulfillment companies Bengaluru India
1074,warehouse fulfillment companies Mumbai India
1075,warehouse fulfillment companies Delhi NCR India
1076,warehouse fulfillment companies Gurugram India
1077,warehouse fulfillment companies Noida India
1078,warehouse fulfillment companies Hyderabad India
1079,warehouse fulfillment companies Chennai India
1080,warehouse fulfillment companies Pune India
1081,warehouse fulfillment companies Ahmedabad India
1082,warehouse fulfillment companies Coimbatore India
1083,warehouse fulfillment companies Surat India
1084,warehouse fulfillment companies Jaipur India
1085,warehouse fulfillment companies Indore India
1086,warehouse fulfillment companies Lucknow India
1087,warehouse fulfillment companies Kochi India
1088,warehouse fulfillment companies Nagpur India
1089,order fulfillment companies Bengaluru India
1090,order fulfillment companies Mumbai India
1091,order fulfillment companies Delhi NCR India
1092,order fulfillment companies Gurugram India
1093,order fulfillment companies Noida India
1094,order fulfillment companies Hyderabad India
1095,order fulfillment companies Chennai India
1096,order fulfillment companies Pune India
1097,order fulfillment companies Ahmedabad India
1098,order fulfillment companies Coimbatore India
1099,order fulfillment companies Surat India
1100,order fulfillment companies Jaipur India
1101,order fulfillment companies Indore India
1102,order fulfillment companies Lucknow India
1103,order fulfillment companies Kochi India
1104,order fulfillment companies Nagpur India
1105,shopify fulfillment Bengaluru India
1106,shopify fulfillment Mumbai India
1107,shopify fulfillment Delhi NCR India
1108,shopify fulfillment Gurugram India
1109,shopify fulfillment Noida India
1110,shopify fulfillment Hyderabad India
1111,shopify fulfillment Chennai India
1112,shopify fulfillment Pune India
1113,shopify fulfillment Ahmedabad India
1114,shopify fulfillment Coimbatore India
1115,shopify fulfillment Surat India
1116,shopify fulfillment Jaipur India
1117,shopify fulfillment Indore India
1118,shopify fulfillment Lucknow India
1119,shopify fulfillment Kochi India
1120,shopify fulfillment Nagpur India
1121,amazon seller fulfillment companies Bengaluru India
1122,amazon seller fulfillment companies Mumbai India
1123,amazon seller fulfillment companies Delhi NCR India
1124,amazon seller fulfillment companies Gurugram India
1125,amazon seller fulfillment companies Noida India
1126,amazon seller fulfillment companies Hyderabad India
1127,amazon seller fulfillment companies Chennai India
1128,amazon seller fulfillment companies Pune India
1129,amazon seller fulfillment companies Ahmedabad India
1130,amazon seller fulfillment companies Coimbatore India
1131,amazon seller fulfillment companies Surat India
1132,amazon seller fulfillment companies Jaipur India
1133,amazon seller fulfillment companies Indore India
1134,amazon seller fulfillment companies Lucknow India
1135,amazon seller fulfillment companies Kochi India
1136,amazon seller fulfillment companies Nagpur India
1137,medicine delivery companies Bengaluru India
1138,medicine delivery companies Mumbai India
1139,medicine delivery companies Delhi NCR India
1140,medicine delivery companies Gurugram India
1141,medicine delivery companies Noida India
1142,medicine delivery companies Hyderabad India
1143,medicine delivery companies Chennai India
1144,medicine delivery companies Pune India
1145,medicine delivery companies Ahmedabad India
1146,medicine delivery companies Coimbatore India
1147,medicine delivery companies Surat India
1148,medicine delivery companies Jaipur India
1149,medicine delivery companies Indore India
1150,medicine delivery companies Lucknow India
1151,medicine delivery companies Kochi India
1152,medicine delivery companies Nagpur India
1153,pharma distributors Bengaluru India
1154,pharma distributors Mumbai India
1155,pharma distributors Delhi NCR India
1156,pharma distributors Gurugram India
1157,pharma distributors Noida India
1158,pharma distributors Hyderabad India
1159,pharma distributors Chennai India
1160,pharma distributors Pune India
1161,pharma distributors Ahmedabad India
1162,pharma distributors Coimbatore India
1163,pharma distributors Surat India
1164,pharma distributors Jaipur India
1165,pharma distributors Indore India
1166,pharma distributors Lucknow India
1167,pharma distributors Kochi India
1168,pharma distributors Nagpur India
1169,pharmaceutical logistics companies Bengaluru India
1170,pharmaceutical logistics companies Mumbai India
1171,pharmaceutical logistics companies Delhi NCR India
1172,pharmaceutical logistics companies Gurugram India
1173,pharmaceutical logistics companies Noida India
1174,pharmaceutical logistics companies Hyderabad India
1175,pharmaceutical logistics companies Chennai India
1176,pharmaceutical logistics companies Pune India
1177,pharmaceutical logistics companies Ahmedabad India
1178,pharmaceutical logistics companies Coimbatore India
1179,pharmaceutical logistics companies Surat India
1180,pharmaceutical logistics companies Jaipur India
1181,pharmaceutical logistics companies Indore India
1182,pharmaceutical logistics companies Lucknow India
1183,pharmaceutical logistics companies Kochi India
1184,pharmaceutical logistics companies Nagpur India
1185,cold chain pharma logistics Bengaluru India
1186,cold chain pharma logistics Mumbai India
1187,cold chain pharma logistics Delhi NCR India
1188,cold chain pharma logistics Gurugram India
1189,cold chain pharma logistics Noida India
1190,cold chain pharma logistics Hyderabad India
1191,cold chain pharma logistics Chennai India
1192,cold chain pharma logistics Pune India
1193,cold chain pharma logistics Ahmedabad India
1194,cold chain pharma logistics Coimbatore India
1195,cold chain pharma logistics Surat India
1196,cold chain pharma logistics Jaipur India
1197,cold chain pharma logistics Indore India
1198,cold chain pharma logistics Lucknow India
1199,cold chain pharma logistics Kochi India
1200,cold chain pharma logistics Nagpur India
1201,medical delivery companies Bengaluru India
1202,medical delivery companies Mumbai India
1203,medical delivery companies Delhi NCR India
1204,medical delivery companies Gurugram India
1205,medical delivery companies Noida India
1206,medical delivery companies Hyderabad India
1207,medical delivery companies Chennai India
1208,medical delivery companies Pune India
1209,medical delivery companies Ahmedabad India
1210,medical delivery companies Coimbatore India
1211,medical delivery companies Surat India
1212,medical delivery companies Jaipur India
1213,medical delivery companies Indore India
1214,medical delivery companies Lucknow India
1215,medical delivery companies Kochi India
1216,medical delivery companies Nagpur India
1217,hospital supply distributors Bengaluru India
1218,hospital supply distributors Mumbai India
1219,hospital supply distributors Delhi NCR India
1220,hospital supply distributors Gurugram India
1221,hospital supply distributors Noida India
1222,hospital supply distributors Hyderabad India
1223,hospital supply distributors Chennai India
1224,hospital supply distributors Pune India
1225,hospital supply distributors Ahmedabad India
1226,hospital supply distributors Coimbatore India
1227,hospital supply distributors Surat India
1228,hospital supply distributors Jaipur India
1229,hospital supply distributors Indore India
1230,hospital supply distributors Lucknow India
1231,hospital supply distributors Kochi India
1232,hospital supply distributors Nagpur India
1233,grocery delivery companies Bengaluru India
1234,grocery delivery companies Mumbai India
1235,grocery delivery companies Delhi NCR India
1236,grocery delivery companies Gurugram India
1237,grocery delivery companies Noida India
1238,grocery delivery companies Hyderabad India
1239,grocery delivery companies Chennai India
1240,grocery delivery companies Pune India
1241,grocery delivery companies Ahmedabad India
1242,grocery delivery companies Coimbatore India
1243,grocery delivery companies Surat India
1244,grocery delivery companies Jaipur India
1245,grocery delivery companies Indore India
1246,grocery delivery companies Lucknow India
1247,grocery delivery companies Kochi India
1248,grocery delivery companies Nagpur India
1249,quick commerce companies Bengaluru India
1250,quick commerce companies Mumbai India
1251,quick commerce companies Delhi NCR India
1252,quick commerce companies Gurugram India
1253,quick commerce companies Noida India
1254,quick commerce companies Hyderabad India
1255,quick commerce companies Chennai India
1256,quick commerce companies Pune India
1257,quick commerce companies Ahmedabad India
1258,quick commerce companies Coimbatore India
1259,quick commerce companies Surat India
1260,quick commerce companies Jaipur India
1261,quick commerce companies Indore India
1262,quick commerce companies Lucknow India
1263,quick commerce companies Kochi India
1264,quick commerce companies Nagpur India
1265,dark store companies Bengaluru India
1266,dark store companies Mumbai India
1267,dark store companies Delhi NCR India
1268,dark store companies Gurugram India
1269,dark store companies Noida India
1270,dark store companies Hyderabad India
1271,dark store companies Chennai India
1272,dark store companies Pune India
1273,dark store companies Ahmedabad India
1274,dark store companies Coimbatore India
1275,dark store companies Surat India
1276,dark store companies Jaipur India
1277,dark store companies Indore India
1278,dark store companies Lucknow India
1279,dark store companies Kochi India
1280,dark store companies Nagpur India
1281,hyperlocal grocery delivery Bengaluru India
1282,hyperlocal grocery delivery Mumbai India
1283,hyperlocal grocery delivery Delhi NCR India
1284,hyperlocal grocery delivery Gurugram India
1285,hyperlocal grocery delivery Noida India
1286,hyperlocal grocery delivery Hyderabad India
1287,hyperlocal grocery delivery Chennai India
1288,hyperlocal grocery delivery Pune India
1289,hyperlocal grocery delivery Ahmedabad India
1290,hyperlocal grocery delivery Coimbatore India
1291,hyperlocal grocery delivery Surat India
1292,hyperlocal grocery delivery Jaipur India
1293,hyperlocal grocery delivery Indore India
1294,hyperlocal grocery delivery Lucknow India
1295,hyperlocal grocery delivery Kochi India
1296,hyperlocal grocery delivery Nagpur India
1297,retail grocery chains Bengaluru India
1298,retail grocery chains Mumbai India
1299,retail grocery chains Delhi NCR India
1300,retail grocery chains Gurugram India
1301,retail grocery chains Noida India
1302,retail grocery chains Hyderabad India
1303,retail grocery chains Chennai India
1304,retail grocery chains Pune India
1305,retail grocery chains Ahmedabad India
1306,retail grocery chains Coimbatore India
1307,retail grocery chains Surat India
1308,retail grocery chains Jaipur India
1309,retail grocery chains Indore India
1310,retail grocery chains Lucknow India
1311,retail grocery chains Kochi India
1312,retail grocery chains Nagpur India
1313,furniture retailers Bengaluru India
1314,furniture retailers Mumbai India
1315,furniture retailers Delhi NCR India
1316,furniture retailers Gurugram India
1317,furniture retailers Noida India
1318,furniture retailers Hyderabad India
1319,furniture retailers Chennai India
1320,furniture retailers Pune India
1321,furniture retailers Ahmedabad India
1322,furniture retailers Coimbatore India
1323,furniture retailers Surat India
1324,furniture retailers Jaipur India
1325,furniture retailers Indore India
1326,furniture retailers Lucknow India
1327,furniture retailers Kochi India
1328,furniture retailers Nagpur India
1329,furniture delivery companies Bengaluru India
1330,furniture delivery companies Mumbai India
1331,furniture delivery companies Delhi NCR India
1332,furniture delivery companies Gurugram India
1333,furniture delivery companies Noida India
1334,furniture delivery companies Hyderabad India
1335,furniture delivery companies Chennai India
1336,furniture delivery companies Pune India
1337,furniture delivery companies Ahmedabad India
1338,furniture delivery companies Coimbatore India
1339,furniture delivery companies Surat India
1340,furniture delivery companies Jaipur India
1341,furniture delivery companies Indore India
1342,furniture delivery companies Lucknow India
1343,furniture delivery companies Kochi India
1344,furniture delivery companies Nagpur India
1345,home delivery furniture Bengaluru India
1346,home delivery furniture Mumbai India
1347,home delivery furniture Delhi NCR India
1348,home delivery furniture Gurugram India
1349,home delivery furniture Noida India
1350,home delivery furniture Hyderabad India
1351,home delivery furniture Chennai India
1352,home delivery furniture Pune India
1353,home delivery furniture Ahmedabad India
1354,home delivery furniture Coimbatore India
1355,home delivery furniture Surat India
1356,home delivery furniture Jaipur India
1357,home delivery furniture Indore India
1358,home delivery furniture Lucknow India
1359,home delivery furniture Kochi India
1360,home delivery furniture Nagpur India
1361,large item delivery companies Bengaluru India
1362,large item delivery companies Mumbai India
1363,large item delivery companies Delhi NCR India
1364,large item delivery companies Gurugram India
1365,large item delivery companies Noida India
1366,large item delivery companies Hyderabad India
1367,large item delivery companies Chennai India
1368,large item delivery companies Pune India
1369,large item delivery companies Ahmedabad India
1370,large item delivery companies Coimbatore India
1371,large item delivery companies Surat India
1372,large item delivery companies Jaipur India
1373,large item delivery companies Indore India
1374,large item delivery companies Lucknow India
1375,large item delivery companies Kochi India
1376,large item delivery companies Nagpur India
1377,white goods delivery companies Bengaluru India
1378,white goods delivery companies Mumbai India
1379,white goods delivery companies Delhi NCR India
1380,white goods delivery companies Gurugram India
1381,white goods delivery companies Noida India
1382,white goods delivery companies Hyderabad India
1383,white goods delivery companies Chennai India
1384,white goods delivery companies Pune India
1385,white goods delivery companies Ahmedabad India
1386,white goods delivery companies Coimbatore India
1387,white goods delivery companies Surat India
1388,white goods delivery companies Jaipur India
1389,white goods delivery companies Indore India
1390,white goods delivery companies Lucknow India
1391,white goods delivery companies Kochi India
1392,white goods delivery companies Nagpur India
1393,electronics distributors Bengaluru India
1394,electronics distributors Mumbai India
1395,electronics distributors Delhi NCR India
1396,electronics distributors Gurugram India
1397,electronics distributors Noida India
1398,electronics distributors Hyderabad India
1399,electronics distributors Chennai India
1400,electronics distributors Pune India
1401,electronics distributors Ahmedabad India
1402,electronics distributors Coimbatore India
1403,electronics distributors Surat India
1404,electronics distributors Jaipur India
1405,electronics distributors Indore India
1406,electronics distributors Lucknow India
1407,electronics distributors Kochi India
1408,electronics distributors Nagpur India
1409,consumer electronics distributors Bengaluru India
1410,consumer electronics distributors Mumbai India
1411,consumer electronics distributors Delhi NCR India
1412,consumer electronics distributors Gurugram India
1413,consumer electronics distributors Noida India
1414,consumer electronics distributors Hyderabad India
1415,consumer electronics distributors Chennai India
1416,consumer electronics distributors Pune India
1417,consumer electronics distributors Ahmedabad India
1418,consumer electronics distributors Coimbatore India
1419,consumer electronics distributors Surat India
1420,consumer electronics distributors Jaipur India
1421,consumer electronics distributors Indore India
1422,consumer electronics distributors Lucknow India
1423,consumer electronics distributors Kochi India
1424,consumer electronics distributors Nagpur India
1425,mobile phone distributors Bengaluru India
1426,mobile phone distributors Mumbai India
1427,mobile phone distributors Delhi NCR India
1428,mobile phone distributors Gurugram India
1429,mobile phone distributors Noida India
1430,mobile phone distributors Hyderabad India
1431,mobile phone distributors Chennai India
1432,mobile phone distributors Pune India
1433,mobile phone distributors Ahmedabad India
1434,mobile phone distributors Coimbatore India
1435,mobile phone distributors Surat India
1436,mobile phone distributors Jaipur India
1437,mobile phone distributors Indore India
1438,mobile phone distributors Lucknow India
1439,mobile phone distributors Kochi India
1440,mobile phone distributors Nagpur India
1441,electronic appliance distributors Bengaluru India
1442,electronic appliance distributors Mumbai India
1443,electronic appliance distributors Delhi NCR India
1444,electronic appliance distributors Gurugram India
1445,electronic appliance distributors Noida India
1446,electronic appliance distributors Hyderabad India
1447,electronic appliance distributors Chennai India
1448,electronic appliance distributors Pune India
1449,electronic appliance distributors Ahmedabad India
1450,electronic appliance distributors Coimbatore India
1451,electronic appliance distributors Surat India
1452,electronic appliance distributors Jaipur India
1453,electronic appliance distributors Indore India
1454,electronic appliance distributors Lucknow India
1455,electronic appliance distributors Kochi India
1456,electronic appliance distributors Nagpur India
1457,FMCG distributors Bengaluru India
1458,FMCG distributors Mumbai India
1459,FMCG distributors Delhi NCR India
1460,FMCG distributors Gurugram India
1461,FMCG distributors Noida India
1462,FMCG distributors Hyderabad India
1463,FMCG distributors Chennai India
1464,FMCG distributors Pune India
1465,FMCG distributors Ahmedabad India
1466,FMCG distributors Coimbatore India
1467,FMCG distributors Surat India
1468,FMCG distributors Jaipur India
1469,FMCG distributors Indore India
1470,FMCG distributors Lucknow India
1471,FMCG distributors Kochi India
1472,FMCG distributors Nagpur India
1473,food distributors Bengaluru India
1474,food distributors Mumbai India
1475,food distributors Delhi NCR India
1476,food distributors Gurugram India
1477,food distributors Noida India
1478,food distributors Hyderabad India
1479,food distributors Chennai India
1480,food distributors Pune India
1481,food distributors Ahmedabad India
1482,food distributors Coimbatore India
1483,food distributors Surat India
1484,food distributors Jaipur India
1485,food distributors Indore India
1486,food distributors Lucknow India
1487,food distributors Kochi India
1488,food distributors Nagpur India
1489,beverage distributors Bengaluru India
1490,beverage distributors Mumbai India
1491,beverage distributors Delhi NCR India
1492,beverage distributors Gurugram India
1493,beverage distributors Noida India
1494,beverage distributors Hyderabad India
1495,beverage distributors Chennai India
1496,beverage distributors Pune India
1497,beverage distributors Ahmedabad India
1498,beverage distributors Coimbatore India
1499,beverage distributors Surat India
1500,beverage distributors Jaipur India
1501,beverage distributors Indore India
1502,beverage distributors Lucknow India
1503,beverage distributors Kochi India
1504,beverage distributors Nagpur India
1505,wholesale FMCG companies Bengaluru India
1506,wholesale FMCG companies Mumbai India
1507,wholesale FMCG companies Delhi NCR India
1508,wholesale FMCG companies Gurugram India
1509,wholesale FMCG companies Noida India
1510,wholesale FMCG companies Hyderabad India
1511,wholesale FMCG companies Chennai India
1512,wholesale FMCG companies Pune India
1513,wholesale FMCG companies Ahmedabad India
1514,wholesale FMCG companies Coimbatore India
1515,wholesale FMCG companies Surat India
1516,wholesale FMCG companies Jaipur India
1517,wholesale FMCG companies Indore India
1518,wholesale FMCG companies Lucknow India
1519,wholesale FMCG companies Kochi India
1520,wholesale FMCG companies Nagpur India
1521,cold chain logistics Bengaluru India
1522,cold chain logistics Mumbai India
1523,cold chain logistics Delhi NCR India
1524,cold chain logistics Gurugram India
1525,cold chain logistics Noida India
1526,cold chain logistics Hyderabad India
1527,cold chain logistics Chennai India
1528,cold chain logistics Pune India
1529,cold chain logistics Ahmedabad India
1530,cold chain logistics Coimbatore India
1531,cold chain logistics Surat India
1532,cold chain logistics Jaipur India
1533,cold chain logistics Indore India
1534,cold chain logistics Lucknow India
1535,cold chain logistics Kochi India
1536,cold chain logistics Nagpur India
1537,temperature controlled logistics Bengaluru India
1538,temperature controlled logistics Mumbai India
1539,temperature controlled logistics Delhi NCR India
1540,temperature controlled logistics Gurugram India
1541,temperature controlled logistics Noida India
1542,temperature controlled logistics Hyderabad India
1543,temperature controlled logistics Chennai India
1544,temperature controlled logistics Pune India
1545,temperature controlled logistics Ahmedabad India
1546,temperature controlled logistics Coimbatore India
1547,temperature controlled logistics Surat India
1548,temperature controlled logistics Jaipur India
1549,temperature controlled logistics Indore India
1550,temperature controlled logistics Lucknow India
1551,temperature controlled logistics Kochi India
1552,temperature controlled logistics Nagpur India
1553,refrigerated transport Bengaluru India
1554,refrigerated transport Mumbai India
1555,refrigerated transport Delhi NCR India
1556,refrigerated transport Gurugram India
1557,refrigerated transport Noida India
1558,refrigerated transport Hyderabad India
1559,refrigerated transport Chennai India
1560,refrigerated transport Pune India
1561,refrigerated transport Ahmedabad India
1562,refrigerated transport Coimbatore India
1563,refrigerated transport Surat India
1564,refrigerated transport Jaipur India
1565,refrigerated transport Indore India
1566,refrigerated transport Lucknow India
1567,refrigerated transport Kochi India
1568,refrigerated transport Nagpur India
1569,cold storage logistics companies Bengaluru India
1570,cold storage logistics companies Mumbai India
1571,cold storage logistics companies Delhi NCR India
1572,cold storage logistics companies Gurugram India
1573,cold storage logistics companies Noida India
1574,cold storage logistics companies Hyderabad India
1575,cold storage logistics companies Chennai India
1576,cold storage logistics companies Pune India
1577,cold storage logistics companies Ahmedabad India
1578,cold storage logistics companies Coimbatore India
1579,cold storage logistics companies Surat India
1580,cold storage logistics companies Jaipur India
1581,cold storage logistics companies Indore India
1582,cold storage logistics companies Lucknow India
1583,cold storage logistics companies Kochi India
1584,cold storage logistics companies Nagpur India
1585,industrial distributors Bengaluru India
1586,industrial distributors Mumbai India
1587,industrial distributors Delhi NCR India
1588,industrial distributors Gurugram India
1589,industrial distributors Noida India
1590,industrial distributors Hyderabad India
1591,industrial distributors Chennai India
1592,industrial distributors Pune India
1593,industrial distributors Ahmedabad India
1594,industrial distributors Coimbatore India
1595,industrial distributors Surat India
1596,industrial distributors Jaipur India
1597,industrial distributors Indore India
1598,industrial distributors Lucknow India
1599,industrial distributors Kochi India
1600,industrial distributors Nagpur India
1601,building materials distributors Bengaluru India
1602,building materials distributors Mumbai India
1603,building materials distributors Delhi NCR India
1604,building materials distributors Gurugram India
1605,building materials distributors Noida India
1606,building materials distributors Hyderabad India
1607,building materials distributors Chennai India
1608,building materials distributors Pune India
1609,building materials distributors Ahmedabad India
1610,building materials distributors Coimbatore India
1611,building materials distributors Surat India
1612,building materials distributors Jaipur India
1613,building materials distributors Indore India
1614,building materials distributors Lucknow India
1615,building materials distributors Kochi India
1616,building materials distributors Nagpur India
1617,steel distributors Bengaluru India
1618,steel distributors Mumbai India
1619,steel distributors Delhi NCR India
1620,steel distributors Gurugram India
1621,steel distributors Noida India
1622,steel distributors Hyderabad India
1623,steel distributors Chennai India
1624,steel distributors Pune India
1625,steel distributors Ahmedabad India
1626,steel distributors Coimbatore India
1627,steel distributors Surat India
1628,steel distributors Jaipur India
1629,steel distributors Indore India
1630,steel distributors Lucknow India
1631,steel distributors Kochi India
1632,steel distributors Nagpur India
1633,cement distributors Bengaluru India
1634,cement distributors Mumbai India
1635,cement distributors Delhi NCR India
1636,cement distributors Gurugram India
1637,cement distributors Noida India
1638,cement distributors Hyderabad India
1639,cement distributors Chennai India
1640,cement distributors Pune India
1641,cement distributors Ahmedabad India
1642,cement distributors Coimbatore India
1643,cement distributors Surat India
1644,cement distributors Jaipur India
1645,cement distributors Indore India
1646,cement distributors Lucknow India
1647,cement distributors Kochi India
1648,cement distributors Nagpur India
1649,chemical distributors Bengaluru India
1650,chemical distributors Mumbai India
1651,chemical distributors Delhi NCR India
1652,chemical distributors Gurugram India
1653,chemical distributors Noida India
1654,chemical distributors Hyderabad India
1655,chemical distributors Chennai India
1656,chemical distributors Pune India
1657,chemical distributors Ahmedabad India
1658,chemical distributors Coimbatore India
1659,chemical distributors Surat India
1660,chemical distributors Jaipur India
1661,chemical distributors Indore India
1662,chemical distributors Lucknow India
1663,chemical distributors Kochi India
1664,chemical distributors Nagpur India
1665,courier companies UAE
1666,logistics companies Dubai
1667,last mile delivery Dubai
1668,3PL Dubai
1669,fulfillment companies UAE
1670,logistics companies Saudi Arabia
1671,courier companies Riyadh
1672,last mile delivery Saudi
1673,warehouse companies Saudi Arabia
1674,last mile logistics Singapore
1675,courier companies Singapore
1676,3PL Singapore
1677,delivery companies Singapore
1678,courier companies Australia
1679,last mile logistics Australia
1680,proof of delivery software Australia
