Email,Status,Message,ErrorType,AlreadyCompleted
info@techasoft.com,success,Lead captured.,None,false
,invalid_email,Missing or invalid email,Validation,
careers@aidash.com,success,Lead captured.,None,false
sales@sagesoftware.co.in,success,Lead captured.,None,false
hello@nextbraintech.com,success,Lead captured.,None,false
,invalid_email,Missing or invalid email,Validation,
support@infotact.in,success,Lead captured.,None,false
hello@atomsai.com,success,Lead captured.,None,false
support@softment.com,success,Lead captured.,None,false
,invalid_email,Missing or invalid email,Validation,
contact@betterplace.co.in,success,Lead captured.,None,false
,invalid_email,Missing or invalid email,Validation,
connect@signzy.com,success,Lead captured.,None,false
sales@inncrewin.com,success,Lead captured.,None,false
